URL,标题,公司
https://www.dji.com/cn/products/power-series?site=brandsite&from=nav,,DJI大疆创新
https://www.dji.com/cn/support/product/mavic-3-pro,,DJI大疆创新
https://www.dji.com/cn/support/product/mavic-3-classic,,DJI大疆创新
https://www.dji.com/cn/support/product/mavic-3,,DJI大疆创新
https://www.dji.com/cn/support/product/mavic-2,,DJI大疆创新
https://www.dji.com/cn/support/product/mavic-pro-platinum,,DJI大疆创新
https://www.dji.com/cn/support/product/mavic,,DJI大疆创新
https://www.dji.com/cn/support/product/rc-motion-3,,DJI大疆创新
https://www.dji.com/cn/support/product/rc-2,,DJI大疆创新
https://www.dji.com/cn/support/product/rc-motion-2,,DJI大疆创新
https://www.dji.com/cn/support/product/rc-pro,,DJI大疆创新
